{

  "STATUS":"S",
  "When":1757792698,
  "Code":131,
  "Msg":{
    "Elapsed":299254.875,
    "MHS av":102770176,
    "MHS 1m":102858368,
    "MHS 15m":102722528,
    "HS RT":102797592,
    "freq_avg":879.66668701171875,
    "Fan Speed In":5219,
    "Fan Speed Out":5190,
    "Power":3622.68,
    "Power Rate":35.240901947021484,
    "Pool Rejected%":0.000849758682306856,
    "Uptime":300077,
    "Hash Stable":"true",
    "Hash Stable Cost Seconds":796,
    "Target Freq":0,
    "Env Temp":30.937,
    "Power Mode":"Normal",
    "Factory GHS":100745,
    "Power Limit":3600,
    "Chip Temp Min":73.221427917480469,
    "Chip Temp Max":95.357139587402344,
    "Chip Temp Avg":82.262626647949219,
    "Debug":"19.7 3.0/3.0 3.0/2.9 2.9/3.0 A:100.0/0.41/35.0/7.2",
    "Btminer Fast Boot":"disable"
  },
  "Description":""

}